2026-04-24 14:55:17,132.4,0.0,22.659,APPROVED-OVERRIDE,📶 Severe jitter — connection unstable
2026-04-24 14:55:23,92.4,0.0,32.468,AUTO-HEALING,🔄 Network reset triggered (RL)
2026-04-28 11:59:59,142.6,0.0,21.038,AUTO-HEALING,✅ Network stable (RL)
2026-04-28 12:01:32,347.6,0.0,8.631,APPROVED-RL,✅ Network stable (RL)
2026-04-28 12:01:58,118.8,0.0,25.253,APPROVED-RL,✅ Network stable (RL)
2026-04-28 12:03:16,174.8,0.0,17.162,RESOLVED,INC-20260424-145517 resolved: Resolve by agent
2026-04-28 12:04:12,174.8,0.0,17.162,ESCALATED,Escalated by admin
2026-04-28 12:04:26,110.8,0.0,27.076,AUTO-HEALING,✅ Network stable (RL)
2026-04-28 12:04:48,210.8,0.0,14.231,APPROVED-OVERRIDE,🔧 High latency detected — check DNS or switch network; 📶 Severe jitter — connection unstable
2026-04-28 12:05:57,208.2,0.0,14.409,APPROVED-RL,✅ Network stable (RL)
2026-04-28 12:06:07,131.2,0.0,22.866,AUTO-HEALING,✅ Network stable (RL)
2026-04-28 12:06:31,206.4,0.0,14.535,APPROVED-RL,✅ Network stable (RL)
2026-04-28 12:15:07,176.0,0.0,17.045,APPROVED-RL,✅ Network stable (RL)
2026-04-28 12:16:08,96.8,0.0,30.992,AUTO-HEALING,✅ Network stable (RL)
2026-04-28 12:19:52,671.5,20.0,2.859,DENIED,Denied by admin
2026-04-28 12:21:21,251.6,0.0,11.924,DENIED,Denied by admin
2026-04-28 12:21:37,134.0,0.0,22.388,AUTO-HEALING,✅ Network stable (RL)
2026-04-28 12:21:54,999.0,100.0,1.0,APPROVED-OVERRIDE,🔧 High latency detected — check DNS or switch network; 🚦 High packet loss — possible WiFi interference; 🔄 Network reset recommended
2026-04-28 12:22:07,999.0,100.0,1.0,ESCALATED,Escalated by admin
2026-04-28 12:22:22,999.0,100.0,1.0,APPROVED-OVERRIDE,🔧 High latency detected — check DNS or switch network; 🚦 High packet loss — possible WiFi interference; 🔄 Network reset recommended
2026-04-28 12:22:47,256.5,20.0,7.485,DENIED,Denied by admin
2026-04-28 12:23:01,999.0,100.0,1.0,APPROVED-RL,✅ Network stable (RL)
2026-04-28 12:24:14,999.0,100.0,1.0,APPROVED-RL,✅ Network stable (RL)
2026-04-28 12:25:10,641.0,40.0,1.685,ESCALATED,Escalated by admin
2026-04-28 12:25:59,999.0,100.0,1.0,DENIED,Denied by admin
2026-04-28 12:28:08,999.0,100.0,1.0,APPROVED-OVERRIDE,🔧 High latency detected — check DNS or switch network; 🚦 High packet loss — possible WiFi interference; 🔄 Network reset recommended
2026-04-28 12:28:52,219.0,0.0,13.699,DENIED,Denied by admin
2026-04-28 12:30:27,125.6,0.0,23.885,APPROVED-OVERRIDE,📶 Severe jitter — connection unstable
